"masterScheduleID","table_type","injection_name","solvent","status","surface_coverage"
1,2,"colConditioning1","",0,0
2,1,"methaneInjection1","METHANE",0,0
3,1,"methaneInjection2","METHANE",0,0
4,3,"injection1","NONANE",0,461.137453101979
5,3,"injection2","NONANE",0,687.279097692174
6,3,"injection3","NONANE",0,910.5473323179619
7,3,"injection4","NONANE",0,1348.69752721909
8,3,"injection5","NONANE",0,1776.05581652063
9,3,"injection6","NONANE",0,2193.08960957082
10,3,"injection7","NONANE",0,2600.26522953496
11,3,"injection8","NONANE",0,2998.04842336995
12,3,"injection9","NONANE",0,3386.90289993066
13,3,"injection10","NONANE",0,3767.29133096257
14,3,"injection11","NONANE",0,4139.67330518514
15,3,"injection12","NONANE",0,4504.50685862238
16,3,"injection13","NONANE",0,4862.24701876146
17,3,"injection14","NONANE",0,5213.34577818359
18,3,"injection15","NONANE",0,5558.25204004806
19,3,"injection16","NONANE",0,5897.41053997636
20,3,"injection17","NONANE",0,6231.26183247144
21,3,"injection18","NONANE",0,6560.24371126159
22,3,"injection19","NONANE",0,6884.7879321057
23,3,"injection20","NONANE",0,7205.32144608925
24,3,"injection21","NONANE",0,7522.26751841233
25,3,"injection22","NONANE",0,8762.423319800429
26,3,"injection23","NONANE",0,9977.441836241789
27,3,"injection24","NONANE",0,11191.3177629568
28,3,"injection25","NONANE",0,12426.0870659247
29,3,"injection26","NONANE",0,13701.6014908681
30,3,"injection27","OCTANE",0,178.898869303259
31,3,"injection28","OCTANE",0,267.651816138497
32,3,"injection29","OCTANE",0,355.942790528248
33,3,"injection30","OCTANE",0,531.146032925004
34,3,"injection31","OCTANE",0,704.5232694560819
35,3,"injection32","OCTANE",0,876.089601806461
36,3,"injection33","OCTANE",0,1045.86039460678
37,3,"injection34","OCTANE",0,1213.85161756719
38,3,"injection35","OCTANE",0,1380.07936502601
39,3,"injection36","OCTANE",0,1544.56041060385
40,3,"injection37","OCTANE",0,1707.31146031134
41,3,"injection38","OCTANE",0,1868.34994366471
42,3,"injection39","OCTANE",0,2027.69351510197
43,3,"injection40","OCTANE",0,2185.36017003544
44,3,"injection41","OCTANE",0,2341.3683532928
45,3,"injection42","OCTANE",0,2495.73660260665
46,3,"injection43","OCTANE",0,2648.48366672091
47,3,"injection44","OCTANE",0,2799.62928804255
48,3,"injection45","OCTANE",0,2949.19282971054
49,3,"injection46","OCTANE",0,3097.19396170274
50,3,"injection47","OCTANE",0,3243.65330448567
51,3,"injection48","OCTANE",0,3814.48347603562
52,3,"injection49","OCTANE",0,4362.32643581606
53,3,"injection50","OCTANE",0,4888.59643969359
54,3,"injection51","OCTANE",0,5394.76389825667
55,3,"injection52","OCTANE",0,5882.34537603771
56,3,"injection53","HEPTANE",0,76.69191167650099
57,3,"injection54","HEPTANE",0,114.855944640513
58,3,"injection55","HEPTANE",0,152.899200126892
59,3,"injection56","HEPTANE",0,228.624890207879
60,3,"injection57","HEPTANE",0,303.87200202445
61,3,"injection58","HEPTANE",0,378.643564773489
62,3,"injection59","HEPTANE",0,452.942547288495
63,3,"injection60","HEPTANE",0,526.7720105405079
64,3,"injection61","HEPTANE",0,600.134900225986
65,3,"injection62","HEPTANE",0,673.034293833325
66,3,"injection63","HEPTANE",0,745.473073504946
67,3,"injection64","HEPTANE",0,817.454279471991
68,3,"injection65","HEPTANE",0,888.9808924163671
69,3,"injection66","HEPTANE",0,960.055887919358
70,3,"injection67","HEPTANE",0,1030.68228887819
71,3,"injection68","HEPTANE",0,1100.86300744354
72,3,"injection69","HEPTANE",0,1170.60090008634
73,3,"injection70","HEPTANE",0,1239.89912944796
74,3,"injection71","HEPTANE",0,1308.76054080388
75,3,"injection72","HEPTANE",0,1377.18797670904
76,3,"injection73","HEPTANE",0,1445.18457992691
77,3,"injection74","HEPTANE",0,1712.92003316574
78,3,"injection75","HEPTANE",0,1973.99432127534
79,3,"injection76","HEPTANE",0,2228.5926843605
80,3,"injection77","HEPTANE",0,2476.89937523206
81,3,"injection78","HEPTANE",0,2719.09649784777
82,3,"injection79","HEXANE",0,58.8655657573517
83,3,"injection80","HEXANE",0,88.0013449186319
84,3,"injection81","HEXANE",0,116.941259901868
85,3,"injection82","HEXANE",0,145.686908334328
86,3,"injection83","HEXANE",0,174.239857391975
87,3,"injection84","HEXANE",0,202.601702461835
88,3,"injection85","HEXANE",0,230.773987487665
89,3,"injection86","HEXANE",0,258.758299921781
90,3,"injection87","HEXANE",0,286.556145166652
91,3,"injection88","HEXANE",0,314.169082307746
92,3,"injection89","HEXANE",0,341.598640608935
93,3,"injection90","HEXANE",0,368.846340465984
94,3,"injection91","HEXANE",0,395.913713540142
95,3,"injection92","HEXANE",0,422.802242226479
96,3,"injection93","HEXANE",0,449.513380849938
97,3,"injection94","HEXANE",0,476.04869427634
98,3,"injection95","HEXANE",0,502.409619132578
99,3,"injection96","HEXANE",0,528.597584417402
100,3,"injection97","HEXANE",0,554.614127434596
101,3,"injection98","HEXANE",0,656.994494847951
102,3,"injection99","HEXANE",0,756.746038243365
103,3,"injection100","HEXANE",0,853.958002041908
104,3,"injection101","HEXANE",0,948.717685379624
105,3,"injection102","HEXANE",0,1041.11004476315
106,3,"injection103","DICHLOROMETHANE",0,66.9803199047313
107,3,"injection104","DICHLOROMETHANE",0,89.0167630367463
108,3,"injection105","DICHLOROMETHANE",0,110.910347462086
109,3,"injection106","DICHLOROMETHANE",0,132.662406276802
110,3,"injection107","DICHLOROMETHANE",0,154.27427753685
111,3,"injection108","DICHLOROMETHANE",0,175.747243984602
112,3,"injection109","DICHLOROMETHANE",0,197.082605812759
113,3,"injection110","DICHLOROMETHANE",0,218.281585351352
114,3,"injection111","DICHLOROMETHANE",0,239.34543093817
115,3,"injection112","DICHLOROMETHANE",0,260.275353645231
116,3,"injection113","DICHLOROMETHANE",0,281.072543632147
117,3,"injection114","DICHLOROMETHANE",0,301.738185894708
118,3,"injection115","DICHLOROMETHANE",0,322.27341442062
119,3,"injection116","DICHLOROMETHANE",0,342.679328701151
120,3,"injection117","DICHLOROMETHANE",0,362.957100005404
121,3,"injection118","DICHLOROMETHANE",0,383.107789316599
122,3,"injection119","DICHLOROMETHANE",0,403.132439777329
123,3,"injection120","DICHLOROMETHANE",0,423.032165720501
124,3,"injection121","DICHLOROMETHANE",0,501.401942345009
125,3,"injection122","DICHLOROMETHANE",0,577.852351203183
126,3,"injection123","DICHLOROMETHANE",0,652.442831841945
127,3,"injection124","DICHLOROMETHANE",0,725.229154539555
128,3,"injection125","DICHLOROMETHANE",0,796.263399212417
129,3,"injection126","ETHYL ACETATE",0,69.72747627323
130,3,"injection127","ETHYL ACETATE",0,104.417334672595
131,3,"injection128","ETHYL ACETATE",0,138.991715351433
132,3,"injection129","ETHYL ACETATE",0,207.795369314643
133,3,"injection130","ETHYL ACETATE",0,276.141088759581
134,3,"injection131","ETHYL ACETATE",0,344.031535347408
135,3,"injection132","ETHYL ACETATE",0,411.469318731624
136,3,"injection133","ETHYL ACETATE",0,478.457134971991
137,3,"injection134","ETHYL ACETATE",0,544.997578267589
138,3,"injection135","ETHYL ACETATE",0,611.0933650858969
139,3,"injection136","ETHYL ACETATE",0,676.747037473074
140,3,"injection137","ETHYL ACETATE",0,741.9612835061801
141,3,"injection138","ETHYL ACETATE",0,806.738739929246
142,3,"injection139","ETHYL ACETATE",0,871.082041509782
143,3,"injection140","ETHYL ACETATE",0,934.993868442857
144,3,"injection141","ETHYL ACETATE",0,998.476803286675
145,3,"injection142","ETHYL ACETATE",0,1061.53338091758
146,3,"injection143","ETHYL ACETATE",0,1124.16641558697
147,3,"injection144","ETHYL ACETATE",0,1186.37843710388
148,3,"injection145","ETHYL ACETATE",0,1248.17197549046
149,3,"injection146","ETHYL ACETATE",0,1309.54983434517
150,3,"injection147","ETHYL ACETATE",0,1550.95567680748
151,3,"injection148","ETHYL ACETATE",0,1785.91817357742
152,3,"injection149","ETHYL ACETATE",0,2014.60355408169
153,3,"injection150","ETHYL ACETATE",0,2237.17774220358
154,3,"injection151","ETHYL ACETATE",0,2453.80529393103
155,1,"methaneInjection3","METHANE",0,0
156,1,"methaneInjection4","METHANE",0,0
